date;igg;path;
11/01/2017 16:19;J0023235;W:\Group\EXPLO\AFR\CD\$GEOPHYSICS\$MTG_Study\Block-III\CD_2017_AVO_122027_Toroko-2D-Seismic-Angle-Design-study;2017-122027
16/01/2017 15:24;J0024359;W:\Group\EXPLO\EAC\BG\$GEOPHYSICS\$MTG_Study\Han-Asparuh\BG_2017_AVO_81_2017---BETTI-prospect---Quicklook-AVO-on-XL7040;2017-81
16/01/2017 15:25;J0024359;W:\Group\EXPLO\AME\AR\$GEOPHYSICS\$MTG_Study\Regional\AR_2017_AVO_48_MALVINAS-BASIN---2D-lines-Post-processing---Angle-design---AVO;2017-48
17/01/2017 16:13;J0297561;W:\Group\EXPLO\AFR\AO\$GEOPHYSICS\$MTG_Study\Block_17_Acacia\AO_2017_PRO_112_ACACIA_PSDM_PSTM_Post-proc;2017-112
17/01/2017 17:37;J0368980;W:\Group\EXPLO\AFR\NG\$GEOPHYSICS\$MTG_Study\OML100-102-Manen-Akamba\NG_2017_ACQ_114_OML-100-102-Feasibility;2017-114
18/01/2017 07:50;J0342249;W:\Group\EXPLO\APC\MM_atrier\$GEOPHYSICS\$MTG_Study\YWB\MM_2017_ACQ_94_MM-2017-YWB-3D-Acq-Feas;2017-94
18/01/2017 15:14;J0368980;W:\Group\EXPLO\EAC\GR\$GEOPHYSICS\$MTG_Study\Regional\GR_2017_ACQ_118_Brisolla-2D-3D-Feasibility;2017-118
19/01/2017 08:51;J0423837;W:\Group\EXPLO\AFR\AO\$GEOPHYSICS\$MTG_Study\Block_32_Caril\AO_2017_PRO_22_AO-B32-CARIL-BB-2017-PSDM;2017-22
19/01/2017 10:20;J0392422;W:\Group\EXPLO\APC\CN_atrier\$GEOPHYSICS\$MTG_Study\Taiyang\CN_2017_ACQ_62_CFT-preparation;2017-62
19/01/2017 17:16;J0342249;W:\Group\EXPLO\APC\MM_atrier\$GEOPHYSICS\$MTG_Study\Blocks-M5-M6\MM_2017_ACQ_116_MM-2017_YAD_SEIN-4D-Acq-Feas;2017-116
20/01/2017 16:25;J0250397;W:\Group\EXPLO\AFR\CD\$GEOPHYSICS\$MTG_Study\Block-III\CD_2017_AVO_20_Kongo-(Kinshasa)-Block-III-Toroko-2D-Seismic--Angle-Design-study;2017-20
20/01/2017 17:35;J0418023;W:\Group\EXPLO\EAC\GB\$GEOPHYSICS\$MTG_Study\Northern-North-Sea\GB_2017_BHG_162_3-30-SWEEN-VSP-Processing;2017-162
23/01/2017 15:47;J0418023;W:\Group\EXPLO\EAC\GB\$GEOPHYSICS\$MTG_Study\B-22-30+29-4+29-5-Elgin-Franklin\GB_2017_BHG_167_ELMOW_FAT_Support;2017-167
24/01/2017 18:04;J0024359;W:\Group\EXPLO\AME\BR_atrier\$GEOPHYSICS\$MTG_Study\Sergipe-Alagoas\BR_2017_AVO_184_Sergipe-Alagoas_Basin-AVO-on-3DCGG-and-2DSpectrum;2017-184
25/01/2017 08:46;J0024775;W:\Group\EXPLO\AFR\GQ\$GEOPHYSICS\$MTG_Study\Regional\GQ_2017_TLD_14_GQ-ST-Offshore-EQUATORIAL-GUINEA-and-SAO-TOME-SLICKS;2017-14
25/01/2017 08:50;J0024775;W:\Group\EXPLO\AME\AR\$GEOPHYSICS\$MTG_Study\Regional\AR_2017_TLD_117_AR-Offshore-Argentina-slicks_Phase-2;2017-117
25/01/2017 16:11;J0436828;W:\Group\EXPLO\AFR\NG\$GEOPHYSICS\$MTG_Study\OML130-OPL246-Egina\NG_2017_PRO_13_EGINA-HD-High-Resolution-Imaging;2017-13
25/01/2017 17:28;j0269749;W:\Group\EXPLO\AFR\CI\$GEOPHYSICS\$MTG_Study\CI-100\CI_2017_TOP_214_Assistance-for-rig-move-positioning-RFQ;2017-214
26/01/2017 09:12;J0417706;W:\Group\EXPLO\AFR\GA\$GEOPHYSICS\$MTG_Study\Grand-Anguille\GA_2017_PRO_217_Anguille-OBC-Reprocessing;2017-217
26/01/2017 14:30;j0269749;W:\Group\EXPLO\AFR\NG\$GEOPHYSICS\$MTG_Study\OML130-OPL246-Egina\NG_2017_TOP_216_Assistance-Supervision-Projet-EGINA-MSV-1;2017-216
26/01/2017 14:30;j0269749;W:\Group\EXPLO\AFR\NG\$GEOPHYSICS\$MTG_Study\OML130-OPL246-Egina\NG_2017_TOP_218_Assistance-Supervision-Projet-EGINA-MSV-2;2017-218
26/01/2017 14:31;j0269749;W:\Group\EXPLO\AFR\NG\$GEOPHYSICS\$MTG_Study\OML130-OPL246-Egina\NG_2017_TOP_219_Assistance-Supervision-Projet-EGINA-MSV-3;2017-219
26/01/2017 14:31;j0269749;W:\Group\EXPLO\AFR\NG\$GEOPHYSICS\$MTG_Study\OML130-OPL246-Egina\NG_2017_TOP_221_Assistance-Supervision-Projet-EGINA-MSV-4;2017-221
26/01/2017 14:31;j0269749;W:\Group\EXPLO\AFR\NG\$GEOPHYSICS\$MTG_Study\OML130-OPL246-Egina\NG_2017_TOP_222_Assistance-Supervision-Projet-EGINA-MSV-5;2017-222
26/01/2017 14:31;j0269749;W:\Group\EXPLO\AFR\NG\$GEOPHYSICS\$MTG_Study\OML130-OPL246-Egina\NG_2017_TOP_223_Assistance-Supervision-Projet-EGINA-S3000-1;2017-223
26/01/2017 14:32;j0269749;W:\Group\EXPLO\AFR\NG\$GEOPHYSICS\$MTG_Study\OML130-OPL246-Egina\NG_2017_TOP_224_Assistance-Supervision-Projet-EGINA-S3000-2;2017-224
26/01/2017 14:32;j0269749;W:\Group\EXPLO\AFR\NG\$GEOPHYSICS\$MTG_Study\OML130-OPL246-Egina\NG_2017_TOP_225_Assistance-Supervision-Projet-EGINA-S3000-3;2017-225
26/01/2017 14:42;J0023235;W:\Group\EXPLO\EAC\GB\$GEOPHYSICS\$MTG_Study\West-Shetland\GB_2017_NSE_212_Gravity-and-Magnetic-Modelling-2D-Lines;2017-212
30/01/2017 16:16;J0256876;W:\Group\EXPLO\EAC\NO\$GEOPHYSICS\$MTG_Study\Block-6506-6+6507-4-Victoria\NO_2017_PRO_228_PL211-MC3D-HVG2011-2017-PSDM-Repro;2017-228
31/01/2017 15:19;j0269749;W:\Group\EXPLO\APC\MM_atrier\$GEOPHYSICS\$MTG_Study\Block-M6\MM_2017_TOP_257_MYANMAR---Rig-move-on-M6-B1;2017-257
31/01/2017 16:29;j0233074;W:\Group\EXPLO\AFR\NG\$GEOPHYSICS\$MTG_Study\Regional\NG_2017_TLD_259_Offshore-Nigeria-Oil-slicks-detection-from-satellite-imagery;2017-259
01/02/2017 15:30;j0023235;W:\Group\EXPLO\EAC\GB\$GEOPHYSICS\$MTG_Study\B-205-04+205-05+206-01-Laggan-Tormore\GB_2016_ACQ_2164_Laggan-Tormore-4D-M1-Preparation-Acquisition;2017-220
02/02/2017 16:48;J0433696;W:\Group\EXPLO\EAC\GR\$GEOPHYSICS\$MTG_Study\Arta-Preveza\GR_2017_PRO_159_2D-Brisolla-PSDM-velocity-QC;2017-159
02/02/2017 17:20;J0417709;W:\Group\EXPLO\AFR\CG\$GEOPHYSICS\$MTG_Study\Moho-Bilondo\CG_2015_ACQ_2335_4D;2017-160
02/02/2017 17:37;J0297561;W:\Group\EXPLO\MENA\QA\$GEOPHYSICS\$MTG_Study\Al-Shaheen\QA_2017_PRO_297_AL-Shaheen-3D-Post-processing;2017-297
08/02/2017 11:02;j0269749;W:\Group\EXPLO\AFR\NG\$GEOPHYSICS\$MTG_Study\Anambra-Basin\NG_2017_TOP_374_Assistance-Supervision-Projet-EGINA-FDS2-1;2017-374
08/02/2017 11:05;j0269749;W:\Group\EXPLO\AFR\NG\$GEOPHYSICS\$MTG_Study\Anambra-Basin\NG_2017_TOP_376_Assistance-Supervision-Projet-EGINA-FDS2-2;2017-376
08/02/2017 11:06;j0269749;W:\Group\EXPLO\AFR\NG\$GEOPHYSICS\$MTG_Study\OML130-OPL246-Egina\NG_2017_TOP_377_Assistance-Supervision-Projet-EGINA-FDS2-3;2017-377
09/02/2017 14:00;J0423837;W:\Group\EXPLO\AFR\GA\$GEOPHYSICS\$MTG_Study\Diaba\GA_2017_PRO_315_GA-KUNENGUE-PSDM-FEASIBILITY-2017;2017-315
09/02/2017 18:14;J0250397;W:\Group\EXPLO\AFR\AO\$GEOPHYSICS\$MTG_Study\Namibe-Basin\AO_2017_AVO_381_AO--2D-seismic--processing-and-AVO-Feasibility-Study-on-Lagartixa;2017-381
14/02/2017 16:04;J0307218;W:\Group\EXPLO\APC\PG\$GEOPHYSICS\$MTG_Study\Regional\PG_2017_ACQ_296_PNG-3D-MC-Parameters-Definition-Cost-Estimate;2017-296
15/02/2017 18:47;J0349197;W:\Group\EXPLO\AFR\TZ\$GEOPHYSICS\$MTG_Study\Block4-1B\TZ_2017_PRO_348_TANZANIA-TZ3-and-TZ4-Post-Processing-and-Substack-Generation;2017-348
16/02/2017 10:46;J0270971;W:\Group\EXPLO\AFR\NG\$GEOPHYSICS\$MTG_Study\Anambra-Basin\NG_2017_PRO_21_Egina-OBN-Acquisition-Formation;2017-21
16/02/2017 11:34;J0024359;W:\Group\EXPLO\EAC\BG\$GEOPHYSICS\$MTG_Study\Han-Asparuh\BG_2017_AVO_443_BG-HanAsparuh-Post-POL-1-AVOstudyonPSDM;2017-443
17/02/2017 17:51;J0250397;W:\Group\EXPLO\AME\SR\$GEOPHYSICS\$MTG_Study\Regional\SR_2017_AVO_436_Surinam-Block-45-Anapai-3D-Seismic-AVO-study;2017-436
20/02/2017 15:00;J0023235;W:\Group\EXPLO\EAC\GR\$GEOPHYSICS\$MTG_Study\Regional\GR_2017_ACQ_118_Brisolla-2D-3D-Feasibility;2017-455
21/02/2017 15:45;J0392422;W:\Group\EXPLO\AFR\AO\$GEOPHYSICS\$MTG_Study\Block_32_Mostarda\AO_2017_ACQ_367_MOSTARDA-Baseline-feasibility-study;2017-367
21/02/2017 16:04;J0392422;W:\Group\EXPLO\AFR\MR\$GEOPHYSICS\$MTG_Study\Regional\MR_2017_ACQ_486_2D-3D-Feasibility-study;2017-486
23/02/2017 09:55;J0392422;W:\Group\EXPLO\EAC\GB\$GEOPHYSICS\$MTG_Study\B-22-30+29-4+29-5-Elgin-Franklin\GB_2017_ACQ_501_4D-Preparation-Supervision-Acquisition;2017-501
23/02/2017 11:26;j0269749;W:\Group\EXPLO\AFR\CG\$GEOPHYSICS\$MTG_Study\Moho-Bilondo\CG_2017_TOP_502_Audit-navigation-campagne-sismique-4D---Moho-Bilondo;2017-502
24/02/2017 10:28;J0025253;W:\Group\EXPLO\MENA\YE\$GEOPHYSICS\$MTG_Study\Block03-Gardan\YE_2017_PRO_378_onshore-Yemen---Block-III---3D-survey-reprocessing;2017-378
01/03/2017 17:51;J0025253;W:\Group\EXPLO\MENA\LY\$GEOPHYSICS\$MTG_Study\Al-Jurf\LY_2017_PRO_565_3D-Block-137---offshore-Libya-velocity-model-QC;2017-565
08/03/2017 15:15;J0256876;W:\Group\EXPLO\MENA\IR\$GEOPHYSICS\$MTG_Study\South-Pars\IR_2017_PRO_256_IRIS_PSTM_Repro_Processing-Supervision;2017-256
13/03/2017 11:20;J0367250;W:\Group\EXPLO\EAC\PT\$GEOPHYSICS\$MTG_Study\Regional\PT_2017_AVO_614_PT-ALENTEJO-BASIN-AVO-2D-Study;2017-614
13/03/2017 13:36;J0364176;W:\Group\EXPLO\EAC\BG\$GEOPHYSICS\$MTG_Study\Han-Asparuh\BG_2017_PRO_612_Hanh-Asparuh-3D-2D-Prcessing-Supervision-2017;2017-612
14/03/2017 08:58;J0418023;W:\Group\EXPLO\MENA\CY\$GEOPHYSICS\$MTG_Study\Block-11\CY_2017_BHG_622_Look-ahead-VSP-in-OW-1-well;2017-622
14/03/2017 11:11;j0269749;W:\Group\EXPLO\AFR\AO\$GEOPHYSICS\$MTG_Study\Block_0\AO_2017_TOP_627_Assistance-topo-positioning-for-EPT-SUB-GEOM;2017-627
14/03/2017 18:04;J0024658;W:\Group\EXPLO\AFR\SN\$GEOPHYSICS\$MTG_Study\Regional\SN_2017_AVO_606_SENEGAL-Offshore-Sud-Profond---traitement-PSTM-et-HDREVEL;2017-606
14/03/2017 18:12;J0250397;W:\Group\EXPLO\AFR\NA\$GEOPHYSICS\$MTG_Study\Regional\NA_2017_AVO_604_Namibia-Block-2912-Venus-2D-seismic-AVO-Study;2017-604
15/03/2017 09:42;J0418023;W:\Group\EXPLO\APC\MM_atrier\$GEOPHYSICS\$MTG_Study\Block-M6\MM_2017_BHG_626_VSP-Support-for-AYD-1-well;2017-626
15/03/2017 19:00;J0023235;W:\Group\EXPLO\MENA\QA\$GEOPHYSICS\$MTG_Study\Al-Shaheen\QA_2016_ACQ_1984_Al-Shaheen-3D4D;2017-639
16/03/2017 13:05;J0418023;W:\Group\EXPLO\MENA\IR\$GEOPHYSICS\$MTG_Study\Regional\IR_2017_BHG_16_IRIS-VSP-reprocessing;2017-16
16/03/2017 17:50;J0391124;W:\Group\EXPLO\AME\US_atrier\$GEOPHYSICS\$MTG_Study\North-Platte\US_2017_BHG_390_TEP-USA---VSP-feasibility-for-North-Platte-4-Well-side-track;2017-390
20/03/2017 14:15;J0297561;W:\Group\EXPLO\AFR\AO\$GEOPHYSICS\$MTG_Study\Block_17_Dalia-Rosa\AO_2017_PRO_299_Dalia-2017-GWE-Post-PRO;2017-299
22/03/2017 14:07;J0025253;W:\Group\EXPLO\AME\BO_atrier\$GEOPHYSICS\$MTG_Study\Aquio-Ipati\BO_2017_PRO_320_3D-IPATI-reprocessing-feasibility;2017-320
27/03/2017 14:38;J0403408;W:\Group\EXPLO\APC\MM_atrier\$GEOPHYSICS\$MTG_Study\Block-A3\MM_2017_NSE_562_YWB-Intergrated-Gravmetric-and-Magnetic-study-for-basment-structure;2017-562
29/03/2017 14:42;j0429837;W:\Group\EXPLO\AFR\AO\$GEOPHYSICS\$MTG_Study\Block_32_Louro-Mostarda\AO_2017_PRO_631_LOURO-2017-RTM-REMIGRATION;2017-631
29/03/2017 14:48;J0389051;W:\Group\EXPLO\EAC\IT\$GEOPHYSICS\$MTG_Study\Tempa-Rossa\IT_2017_PRO_736_Tempa_Rossa_2D_reprocessing;2017-736
07/04/2017 10:40;J0024746;W:\Group\EXPLO\AFR\MZ\$GEOPHYSICS\$MTG_Study\Regional\MZ_2017_AVO_292_JUAN-de-NOVA-Offshore---3D-AVO-study;2017-292
12/04/2017 16:09;J0270971;W:\Group\EXPLO\EAC\GB\$GEOPHYSICS\$MTG_Study\B-3-4-9-10-Alwyn\GB_2017_PRO_503_Elgin-Franklin-3D4D-Processing-2016--Additional-Data-Archival;2017-503
12/04/2017 16:31;J0024775;W:\Group\EXPLO\AME\MX\$GEOPHYSICS\$MTG_Study\Regional\MX_2017_TLD_632_MX-Mascupana-basin-Quicklook-oil-slicks;2017-632
12/04/2017 16:38;J0024775;W:\Group\EXPLO\MENA\EG\$GEOPHYSICS\$MTG_Study\Regional\EG_2017_TLD_521_EG-Egypt-Offshore-OIL-SLICKS-DETECTION;2017-521
13/04/2017 11:32;J0367250;W:\Group\EXPLO\MENA\MA\$GEOPHYSICS\$MTG_Study\Regional\MA_2017_AVO_815_Marocco-AVO-study-on-LKP-prospect-and-Support-DataRoom-for-Farmin-opportunity;2017-815
19/04/2017 10:16;J0307218;W:\Group\EXPLO\AFR\AO\$GEOPHYSICS\$MTG_Study\Block_17_Clov\AO_2017_ACQ_669_CLOV-4D-M1-Supervision;2017-669
19/04/2017 16:08;J0233074;W:\Group\EXPLO\AME\MX\$GEOPHYSICS\$MTG_Study\Regional\MX_2017_TLD_834_Synthese-etudes-Oil-Slicks-Analysis;2017-834
20/04/2017 14:30;J0368937;W:\Group\EXPLO\EAC\IT\$GEOPHYSICS\$MTG_Study\Tempa-Rossa\IT_2017_TLD_832_CFT-TEMPA-ROSSA-MONITORING;2017-832
20/04/2017 17:05;J0368937;W:\Group\EXPLO\AFR\UG\$GEOPHYSICS\$MTG_Study\Block-EA1-Amuka-Jobi\UG_2017_TLD_826_INSAR-Monitoring;2017-826
26/04/2017 18:03;J0233074;W:\Group\EXPLO\AFR\UG\$GEOPHYSICS\$MTG_Study\Regional\UG_2017_TLD_868_EAST-AFRICAN-CRUDE-OIL-PIPELINE-RS-STUDY-FOR-CONSTRUCTION;2017-868
09/05/2017 16:22;J0378133;W:\Group\EXPLO\MENA\OM\$GEOPHYSICS\$MTG_Study\Open-North-Onshore-Blocks\OM_2017_NSE_744_OMAN--Block-31-2D-MT-feasibility-update;2017-744
10/05/2017 09:13;J0024775;W:\Group\EXPLO\AFR\SO\$GEOPHYSICS\$MTG_Study\Regional\SO_2017_TLD_901_SO-Offshore-SOMALIA-SLICKS;2017-901
16/05/2017 16:21;J0221898;W:\Group\EXPLO\EAC\BG\$GEOPHYSICS\$MTG_Study\Han-Asparuh\BG_2017_NSE_864_1D-3D-CSEM-Feasibility---Melnik-Prospect;2017-864
16/05/2017 16:22;J0221898;W:\Group\EXPLO\APC\BN_atrier\$GEOPHYSICS\$MTG_Study\Block-B1-Mjl-Kina\BN_2017_NSE_314_CA-1-Jagus-Sub-Thrust-3D-CSEM-Quick-Inversion;2017-314
16/05/2017 17:35;J0221898;W:\Group\EXPLO\AME\AR\$GEOPHYSICS\$MTG_Study\Aguada-de-Castro\AR_2017_NSE_692_3D-Gravity-and-Magnetic-Modelling-for-Crust-and-Moho---Neuquen-Basin;2017-692
16/05/2017 17:37;J0221898;W:\Group\EXPLO\EAC\GB\$GEOPHYSICS\$MTG_Study\B-3-4-9-10-Alwyn\GB_2017_NSE_64_1D-3D-CSEM-feasibility-study-for-Eocene-Frigg-aged-N17-prospect;2017-64
19/05/2017 16:43;J0428036;W:\Group\EXPLO\AME\GF_atrier\$GEOPHYSICS\$MTG_Study\Cebus\GF_2017_PRO_586_FG-Nasua-West;2017-586
25/05/2017 10:06;J0259821;W:\Group\EXPLO\APC\PG\$GEOPHYSICS\$MTG_Study\PPL-338\PG_2017_ACQ_933_PRL15-2D-Seismic-MT-Phase-I;2017-933
01/06/2017 09:17;J0364176;W:\Group\EXPLO\EAC\BG\$GEOPHYSICS\$MTG_Study\Han-Asparuh\BG_2017_PRO_902_Han-Asparuh-PSDM-2017-Melnik;2017-902
01/06/2017 17:07;J0368937;W:\Group\EXPLO\EAC\NO\$GEOPHYSICS\$MTG_Study\Block-1-6\NO_2017_TLD_1047_SW-BARENTS---COMPLEMENTARY-OIL-SLICKS-STUDY;2017-1047
06/06/2017 08:56;J0342249;W:\Group\EXPLO\APC\MM_atrier\$GEOPHYSICS\$MTG_Study\YWB\MM_2017_ACQ_1064_YWB-MD4-3D-Acquisition--From-CFT-to-LOA;2017-1064
06/06/2017 16:57;J0244161;W:\Group\EXPLO\EAC\BG\$GEOPHYSICS\$MTG_Study\Han-Asparuh\BG_2017_PRO_899_Han-Asparuh-PSDM-2017-Polshkov-Ridge;2017-899
07/06/2017 14:50;J0368937;W:\Group\EXPLO\AFR\AO\$GEOPHYSICS\$MTG_Study\Regional\AO_2017_TLD_1071_CABINDA-NORTE---REMOTE-SENSING-IMAGES;2017-1071
09/06/2017 13:02;J0250397;W:\Group\EXPLO\AME\GF_atrier\$GEOPHYSICS\$MTG_Study\Guyane-Maritime\GF_2017_AVO_1021_French-Guiana---Nasua-3D-PSDM-AVO-Study-Phase-II;2017-1021
